runtime,batch_size,mean_latency_ms,median_latency_ms,p95_latency_ms,throughput_img_per_sec,model_size_mb
PyTorch,1,622.9842939998707,674.7216000003391,702.211535000697,1.605176903545192,327.3699731826782
ONNXRuntime,1,419.67015399994125,446.72689999970316,633.6135299997295,2.3828237258924543,0.10294151306152344
PyTorch,4,2064.891724000081,2444.6700000007695,2579.6728349994737,1.9371475770415956,327.3699731826782
ONNXRuntime,4,976.3739179999538,864.9434999997538,2271.5292149994634,4.096791123009278,0.10294151306152344
PyTorch,8,1912.5603359998786,1932.4884500001644,1975.15188499965,4.182874573636723,327.3699731826782
ONNXRuntime,8,1683.0986180000764,1679.6078999996098,1773.372859999381,4.753138000615741,0.10294151306152344
